<?xml version="1.0" encoding="UTF-8"?>
<project-private xmlns="http://www.netbeans.org/ns/project-private/1">
    <editor-bookmarks xmlns="http://www.netbeans.org/ns/editor-bookmarks/2" lastBookmarkId="0"/>
    <open-files xmlns="http://www.netbeans.org/ns/projectui-open-files/2">
        <group>
            <file>file:/C:/Users/Gustavo/Google%20Drive/UFSCar/8º%20Semestre/Sistemas%20Distribuídos/Trabalho%201/EleicaoSemFio/src/eleicaosemfio/ServerThread.java</file>
            <file>file:/C:/Users/Gustavo/Google%20Drive/UFSCar/8º%20Semestre/Sistemas%20Distribuídos/Trabalho%201/EleicaoSemFio/src/eleicaosemfio/ServerConnectionThread.java</file>
            <file>file:/C:/Users/Gustavo/Google%20Drive/UFSCar/8º%20Semestre/Sistemas%20Distribuídos/Trabalho%201/EleicaoSemFio/src/eleicaosemfio/Node.java</file>
            <file>file:/C:/Users/Gustavo/Google%20Drive/UFSCar/8º%20Semestre/Sistemas%20Distribuídos/Trabalho%201/EleicaoSemFio/src/eleicaosemfio/EleicaoSemFio.java</file>
        </group>
    </open-files>
</project-private>
